genus_species,iucn_status,order,activity_cycle,metabolism_rate_g,metabolism_rate_mlO2hr,diet_breadth,homerange_km2,pop_density_nkm2
Abrothrix_olivaceus,LC,Rodentia,2,27,49.19,7,1,3211.81
Acinonyx_jubatus,VU,Carnivora,3,48900,17115,1,4,0.01
Acomys_cahirinus,LC,Rodentia,1,,,,1,2366.22
Acomys_russatus,LC,Rodentia,3,,,,1,3487.07
Acrobates_pygmaeus,LC,Diprotodontia,,14,14938,3,1,899.99
Aepyceros_melampus,LC,Artiodactyla,3,,,2,1,13.36
Aethomys_hindei,LC,Rodentia,,,,,1,2191.47
Ailuropoda_melanoleuca,VU,Carnivora,2,,,3,1,0.18
Alcelaphus_buselaphus,LC,Artiodactyla,3,,,2,1,3.65
Alces_alces,LC,Artiodactyla,2,,,1,4,0.4
Alouatta_guariba,LC,Primates,3,,,4,1,89.09
Alouatta_palliata,LC,Primates,3,4670,2027.4,2,1,58.99
Alouatta_pigra,EN,Primates,3,,,2,1,8.53
Alouatta_seniculus,LC,Primates,3,,,6,1,44.49
Amblysomus_hottentotus,LC,Afrosoricida,2,70,84.7,2,1,1000
Ammospermophilus_leucurus,LC,Rodentia,3,95.7,93.88,5,1,14.49
Anomalurus_derbianus,LC,Rodentia,1,,,1,1,50.43
Antechinus_stuartii,LC,Dasyuromorphia,2,28.1,34.81,3,1,328.78
Antilocapra_americana,LC,Artiodactyla,,32000,8960,2,1,0.82
Antilope_cervicapra,NT,Artiodactyla,,,,5,1,4.25
Aonyx_capensis,NT,Carnivora,2,,,6,4,0.35
Aotus_trivirgatus,LC,Primates,1,972.5,459.45,3,1,24.37
Aplodontia_rufa,LC,Rodentia,,793,414.73,2,1,778.39
Apodemus_flavicollis,LC,Rodentia,,40.5,152.28,,1,1770
Apodemus_sylvaticus,LC,Rodentia,2,22,56.98,4,1,780
Apomys_musculus,LC,Rodentia,2,,,4,1,1124.83
Ateles_belzebuth,EN,Primates,3,,,2,1,13.49
Ateles_chamek,EN,Primates,3,,,2,1,3.39
Ateles_geoffroyi,EN,Primates,3,,,2,1,19.06
Ateles_paniscus,VU,Primates,3,,,6,1,8
Avahi_laniger,VU,Primates,1,,,3,1,84.85
Avahi_occidentalis,EN,Primates,2,,,1,1,66.99
Axis_axis,LC,Artiodactyla,,,,,1,6.69
Axis_porcinus,EN,Artiodactyla,,,,3,1,16.5
Baiomys_taylori,LC,Rodentia,2,7.15,17.08,4,1,2464.99
Bassariscus_astutus,LC,Carnivora,1,,,6,1,3.58
Bathyergus_suillus,LC,Rodentia,,666,322.78,3,1,70
Batomys_granti,NT,Rodentia,,,,,1,383.46
Bettongia_gaimardi,NT,Diprotodontia,1,,,,1,19
Bison_bison,NT,Artiodactyla,2,,,2,3,0.28
Bison_bonasus,VU,Artiodactyla,2,,,2,1,0.88
Blarina_brevicauda,LC,Soricomorpha,1,20.4,59.36,6,1,922.93
Blarina_carolinensis,LC,Soricomorpha,,,,2,1,629.99
Brachylagus_idahoensis,LC,Lagomorpha,2,,,2,1,864.86
Brachyteles_arachnoides,EN,Primates,3,,,5,1,5.49
Bradypus_variegatus,LC,Pilosa,2,3790,685.99,1,1,508.44
Callicebus_moloch,LC,Primates,3,,,3,1,18.43
Callicebus_personatus,VU,Primates,3,,,4,1,13.03
Callicebus_torquatus,LC,Primates,3,,,4,1,10.2
Callimico_goeldii,VU,Primates,3,,,2,1,2.08
Callithrix_flaviceps,EN,Primates,3,,,3,1,11.85
Callithrix_jacchus,LC,Primates,3,190,152,5,1,508.18
Callithrix_kuhlii,NT,Primates,3,,,4,1,59
Callosciurus_caniceps,LC,Rodentia,,,,,1,18.6
Callosciurus_erythraeus,LC,Rodentia,,,,3,1,622.69
Callosciurus_nigrovittatus,NT,Rodentia,3,,,6,1,5.75
Callosciurus_notatus,LC,Rodentia,3,,,6,1,98.32
Caluromys_philander,LC,Didelphimorphia,1,,,4,1,62.32
Camelus_dromedarius,EP,Artiodactyla,3,407000,40293,3,5,0.98
Canis_adustus,LC,Carnivora,1,,,6,1,0.74
Canis_aureus,LC,Carnivora,2,,,6,1,0.22
Canis_latrans,LC,Carnivora,2,10450,3699,1,2,0.25
Canis_lupus,LC,Carnivora,2,33100,11254.2,1,5,0.01
Canis_mesomelas,LC,Carnivora,2,,,6,2,0.74
Canis_simensis,EN,Carnivora,3,,,1,1,1.2
Capreolus_capreolus,LC,Artiodactyla,2,190000,78470,,1,7.61
Capreolus_pygargus,LC,Artiodactyla,2,,,,1,80
Capricornis_crispus,LC,Artiodactyla,,,,,1,1.98
Castor_canadensis,LC,Rodentia,2,,,3,1,0.6
Catagonus_wagneri,EN,Artiodactyla,3,,,6,1,9.24
Cavia_aperea,LC,Rodentia,2,,,1,1,1806.97
Cebus_albifrons,LC,Primates,3,,,5,1,16.79
Cebus_capucinus,LC,Primates,3,,,4,1,27.27
Cephalophus_natalensis,LC,Artiodactyla,3,,,4,1,6.92
Ceratotherium_simum,NT,Perissodactyla,2,,,1,2,0.47
Cercartetus_nanus,LC,Diprotodontia,1,65,55.9,4,1,788.66
Cercocebus_galeritus,EN,Primates,3,,,2,1,70.11
Cercopithecus_ascanius,LC,Primates,3,,,4,1,105.79
Cercopithecus_cephus,LC,Primates,3,,,3,1,21.04
Cercopithecus_diana,VU,Primates,3,,,3,1,16.47
Cercopithecus_mitis,LC,Primates,3,8650,3455.75,4,1,70.39
Cercopithecus_neglectus,LC,Primates,3,,,3,1,29.03
Cercopithecus_nictitans,LC,Primates,3,,,4,1,22.5
Cerdocyon_thous,LC,Carnivora,1,5592.83,1556.56,7,1,3.54
Cervus_elaphus,LC,Artiodactyla,2,,,5,4,2.9
Cervus_nippon,LC,Artiodactyla,2,,,2,1,0.75
Chaetodipus_fallax,LC,Rodentia,,19.9,30.2,3,1,502.5
Chaetodipus_nelsoni,LC,Rodentia,1,,,3,1,473.46
Chaetodipus_penicillatus,LC,Rodentia,,16,22.4,,1,172.99
Cheirogaleus_major,DD,Primates,1,,,5,1,67.99
Cheirogaleus_medius,LC,Primates,1,300,195,5,1,221.44
Chiropotes_albinasus,EN,Primates,3,,,3,1,6.57
Chiropotes_satanas,CR,Primates,3,,,3,1,15.6
Chrysospalax_trevelyani,EN,Afrosoricida,2,,,2,1,1000
Coendou_prehensilis,LC,Rodentia,1,3280,918.4,5,1,35.69
Colobus_guereza,LC,Primates,3,10625,3055,2,1,99.2
Colobus_polykomos,VU,Primates,3,,,2,1,23.5
Colobus_satanas,VU,Primates,3,,,3,1,26.57
Condylura_cristata,LC,Soricomorpha,2,,,2,1,4999.99
Conepatus_semistriatus,LC,Carnivora,1,,,6,1,9.52
Connochaetes_gnou,LC,Artiodactyla,2,,,2,1,34.62
Crocidura_russula,LC,Soricomorpha,,10.1,29.79,2,1,8850
Crocuta_crocuta,LC,Carnivora,1,,,1,2,0.12
Cryptomys_hottentotus,LC,Rodentia,2,95,74.55,1,1,816.08
Cryptoprocta_ferox,VU,Carnivora,2,,,2,1,0.88
Cryptotis_parva,LC,Soricomorpha,2,6.38,44.66,6,1,493.99
Ctenomys_talarum,LC,Rodentia,1,,,4,1,5187.48
Cuon_alpinus,EN,Carnivora,2,,,1,3,0.55
Cyclopes_didactylus,LC,Pilosa,1,240,114.48,1,1,32.4
Cynomys_gunnisoni,LC,Rodentia,3,,,5,1,669.1
Cynomys_leucurus,LC,Rodentia,3,,,1,1,546.43
Cynomys_ludovicianus,LC,Rodentia,3,1112.3,422.67,4,1,1830
Dactylopsila_trivirgata,LC,Diprotodontia,1,,,7,1,4
Dama_dama,LC,Artiodactyla,2,,,2,1,21.99
Dasypus_novemcinctus,LC,Cingulata,2,3510,866.97,5,1,20.37
Dasyurus_geoffroii,NT,Dasyuromorphia,2,1227,507.09,2,1,2.3
Dasyurus_hallucatus,EN,Dasyuromorphia,2,584,297.84,,1,16.24
Dasyurus_maculatus,NT,Dasyuromorphia,2,1782,588.06,3,1,3.49
Dasyurus_viverrinus,EN,Dasyuromorphia,2,910,409.5,4,1,19
Daubentonia_madagascariensis,EN,Primates,1,,,6,1,39.79
Dendrolagus_lumholtzi,NT,Diprotodontia,1,,,,1,116.18
Dicerorhinus_sumatrensis,CR,Perissodactyla,2,,,2,2,1.05
Diceros_bicornis,CR,Perissodactyla,,,,2,2,0.11
Dicrostonyx_groenlandicus,LC,Rodentia,,57.5,97.41,,1,518.17
Didelphis_albiventris,LC,Didelphimorphia,1,,,6,1,400
Didelphis_marsupialis,LC,Didelphimorphia,1,1329,611.34,3,1,70.5
Didelphis_virginiana,LC,Didelphimorphia,1,2951.5,719.07,4,1,18.08
Dipodomys_agilis,LC,Rodentia,,61,64.05,,1,687.9
Dipodomys_elator,VU,Rodentia,1,,,4,1,1284.37
Dipodomys_ingens,EN,Rodentia,1,,,3,1,3868.35
Dipodomys_merriami,LC,Rodentia,1,37,43.64,1,1,373.61
Dipodomys_microps,LC,Rodentia,1,55.7,60.15,3,1,1160.36
Dipodomys_ordii,LC,Rodentia,1,48.8,63.97,5,1,297
Dipodomys_spectabilis,NT,Rodentia,1,,,4,1,397.71
Dipodomys_stephensi,EN,Rodentia,,,,1,1,3379.99
Eira_barbara,LC,Carnivora,2,4135,1711.8,2,2,1.77
Elephantulus_rufescens,LC,Macroscelidea,2,53,56.86,5,1,200
Elephas_maximus,EN,Proboscidea,2,,,3,3,0.53
Enhydra_lutris,EN,Carnivora,3,18000,12060,6,1,6.46
Equus_zebra,VU,Perissodactyla,3,,,2,1,1.32
Eremitalpa_granti,LC,Afrosoricida,1,26.1,15.39,3,1,37.21
Erethizon_dorsatum,LC,Rodentia,1,,,6,1,3.49
Erinaceus_europaeus,LC,Erinaceomorpha,2,970.6,404.6,8,1,123
Erythrocebus_patas,LC,Primates,3,,,4,3,0.26
Eulemur_coronatus,EN,Primates,2,,,4,1,101.98
Eulemur_fulvus,NT,Primates,2,2374.5,746,3,1,221
Eulemur_macaco,VU,Primates,2,,,4,1,53.85
Eulemur_mongoz,CR,Primates,2,,,4,1,346.7
Eulemur_rubriventer,VU,Primates,2,,,4,1,30
Euphractus_sexcinctus,LC,Cingulata,2,8190,1236.69,6,1,1.77
Felis_silvestris,LC,Carnivora,2,4485,3184.2,1,1,0.36
Fossa_fossana,VU,Carnivora,1,2030,812.6,6,1,3.41
Funisciurus_congicus,LC,Rodentia,3,112.3,95.45,4,1,1000
Galago_moholi,LC,Primates,,,,2,1,172.04
Galago_senegalensis,LC,Primates,1,223.25,167.6,3,1,89.77
Galemys_pyrenaicus,VU,Soricomorpha,2,,,2,1,4.18
Galidia_elegans,LC,Carnivora,2,,,6,1,15.85
Gazella_dorcas,VU,Artiodactyla,2,,,6,2,2.3
Gazella_gazella,VU,Artiodactyla,2,,,3,1,0.4
Genetta_genetta,LC,Carnivora,1,,,6,2,1.88
Geomys_attwateri,LC,Rodentia,2,,,2,1,2024.94
Georychus_capensis,LC,Rodentia,3,186,109.74,2,1,1100
Gerbillurus_paeba,LC,Rodentia,1,33.9,27.23,4,1,866.8
Giraffa_camelopardalis,VU,Artiodactyla,2,,,5,4,1.23
Glaucomys_sabrinus,LC,Rodentia,1,,,6,1,85.93
Glaucomys_volans,LC,Rodentia,1,73,67.05,5,1,447.59
Glis_glis,LC,Rodentia,2,,,,1,3000
Gorilla_gorilla,CR,Primates,3,,,3,1,0.59
Gulo_gulo,LC,Carnivora,1,11600,4906.8,1,6,0.007916144
Gymnobelideus_leadbeateri,CR,Diprotodontia,1,166,102.92,2,1,258.26
Hapalemur_griseus,VU,Primates,2,,,2,1,62
Heliophobius_argenteocinereus,LC,Rodentia,2,88,74.8,1,1,5800
Herpestes_javanicus,LC,Carnivora,3,780,585,6,1,39.59
Heterocephalus_glaber,LC,Rodentia,2,39.25,25.74,1,1,11100
Heteromys_desmarestianus,LC,Rodentia,1,75.8,98.99,2,1,656.45
Hippocamelus_bisulcus,EN,Artiodactyla,2,,,2,1,1.12
Hydrochoerus_hydrochaeris,LC,Rodentia,2,26385,6596.25,5,1,125.34
Hyemoschus_aquaticus,LC,Artiodactyla,1,,,1,1,15.85
Hylobates_agilis,EN,Primates,3,,,4,1,11.73
Hylobates_klossii,EN,Primates,3,,,3,1,16.62
Hylobates_lar,EN,Primates,3,,,4,1,6.6
Hylobates_moloch,EN,Primates,3,,,4,1,6.18
Hylobates_muelleri,EN,Primates,3,,,4,1,10.2
Hylobates_pileatus,EN,Primates,3,,,5,1,23.7
Hylomys_suillus,LC,Erinaceomorpha,2,,,2,1,156.67
Hypogeomys_antimena,EN,Rodentia,1,,,5,1,63.33
Hystrix_indica,LC,Rodentia,1,,,6,1,5.11
Ichneumia_albicauda,LC,Carnivora,1,,,1,1,3.7
Indri_indri,CR,Primates,3,,,4,1,10.62
Isoodon_auratus,VU,Peramelemorphia,2,428,148.08,2,1,173.2
Isoodon_macrourus,LC,Peramelemorphia,2,1550,573.87,4,1,70
Isoodon_obesulus,LC,Peramelemorphia,2,,,2,1,40
Kobus_ellipsiprymnus,LC,Artiodactyla,2,100000,26700,2,1,2.46
Kobus_kob,LC,Artiodactyla,,,,1,4,2.6
Lagothrix_lagotricha,VU,Primates,3,,,4,1,10.72
Lasiorhinus_krefftii,CR,Diprotodontia,1,,,3,1,21.99
Lemmus_trimucronatus,LC,Rodentia,,,,,1,1784.72
Lemur_catta,EN,Primates,2,,,4,1,215
Leontopithecus_chrysomelas,EN,Primates,3,,,,1,8.76
Leontopithecus_rosalia,EN,Primates,3,,,3,1,4.07
Leopardus_pardalis,LC,Carnivora,2,11880,3682.8,1,1,0.42
Lepilemur_edwardsi,EN,Primates,1,,,5,1,70.98
Lepilemur_leucopus,EN,Primates,1,,,2,1,504.99
Lepilemur_mustelinus,NT,Primates,1,693,225,3,1,255.1
Lepilemur_septentrionalis,CR,Primates,1,,,3,1,154.26
Lepus_alleni,LC,Lagomorpha,2,3250,1787.5,2,1,16.06
Lepus_americanus,LC,Lagomorpha,1,1562.8,1250.24,3,1,100
Lepus_californicus,LC,Lagomorpha,1,2300,1311,2,1,12
Lepus_capensis,LC,Lagomorpha,2,,,3,1,14.75
Lepus_nigricollis,LC,Lagomorpha,1,,,,1,89.46
Lontra_canadensis,LC,Carnivora,2,,,1,2,1.12
Lophocebus_albigena,LC,Primates,3,,,3,1,14.86
Lophuromys_sikapusi,LC,Rodentia,,,,,1,213
Loris_tardigradus,EN,Primates,1,128,284,4,1,72.29
Loxodonta_africana,VU,Proboscidea,3,,,4,7,6.72
Lutra_lutra,NT,Carnivora,1,8900,4005,1,2,0.85
Lutrogale_perspicillata,VU,Carnivora,,,,2,1,4.42
Lycalopex_culpaeus,LC,Carnivora,1,,,2,1,1.01
Lycaon_pictus,EN,Carnivora,3,15375,10259.65,1,6,0.01
Lynx_canadensis,LC,Carnivora,1,,,1,3,0.05
Lynx_lynx,LC,Carnivora,2,,,1,5,0.02
Lynx_pardinus,EN,Carnivora,,,,1,1,0.32
Lynx_rufus,LC,Carnivora,2,6200,2665.2,1,3,0.1
Macaca_fascicularis,LC,Primates,3,,,3,1,49.99
Macaca_fuscata,LC,Primates,3,,,5,1,30.19
Macaca_mulatta,LC,Primates,3,6225,2239,1,1,11.1
Macaca_nemestrina,VU,Primates,3,,,2,1,18.92
Macaca_radiata,LC,Primates,3,,,,1,8.3
Macaca_silenus,EN,Primates,3,,,4,1,1.01
Macaca_sinica,EN,Primates,3,,,2,1,30
Macaca_sylvanus,EN,Primates,3,,,6,1,12.5
Macropus_antilopinus,LC,Diprotodontia,1,,,,1,21.21
Macropus_dorsalis,LC,Diprotodontia,,,,,1,110
Macropus_fuliginosus,LC,Diprotodontia,1,,,,1,56
Macropus_giganteus,LC,Diprotodontia,2,,,2,1,41.95
Macropus_robustus,LC,Diprotodontia,1,29650,5453.5,1,1,40
Macropus_rufogriseus,LC,Diprotodontia,1,,,,1,46.47
Macropus_rufus,LC,Diprotodontia,1,30617.5,5568.64,1,1,3.14
Madoqua_guentheri,LC,Artiodactyla,3,,,6,1,14.01
Malacomys_edwardsi,LC,Rodentia,,,,,1,155.03
Mandrillus_sphinx,VU,Primates,3,,,4,3,21.4
Marmosa_robinsoni,LC,Didelphimorphia,1,122,97.6,3,1,189.03
Marmota_flaviventris,LC,Rodentia,3,4295,1546.2,4,1,6.9
Marmota_marmota,LC,Rodentia,,1868,1008.72,3,1,583.5
Marmota_monax,LC,Rodentia,3,2650,662.5,3,1,136.7
Martes_americana,LC,Carnivora,2,885,584.85,1,1,0.67
Martes_martes,LC,Carnivora,1,1185.5,948.6,1,1,0.44
Martes_pennanti,LC,Carnivora,2,,,1,2,0.17
Martes_zibellina,LC,Carnivora,2,,,6,2,0.07
Mastomys_natalensis,LC,Rodentia,,41.74,32.97,2,1,1305.24
Meles_meles,LC,Carnivora,2,11600,3340.8,1,1,2.52
Melursus_ursinus,VU,Carnivora,2,100747.02,12694.2,6,1,0.13
Mephitis_mephitis,LC,Carnivora,1,2400,638.4,6,1,8.15
Microcavia_australis,LC,Rodentia,3,,,5,1,2116.99
Microcebus_murinus,LC,Primates,1,101.05,125.84,5,1,461
Microcebus_rufus,VU,Primates,1,,,5,1,167.8
Microtus_agrestis,LC,Rodentia,,,,,1,1948.7
Microtus_arvalis,LC,Rodentia,2,22,61,,1,17600
Microtus_californicus,LC,Rodentia,,44,68.2,,1,13127.21
Microtus_mexicanus,LC,Rodentia,,28.8,46.94,,1,1483.67
Microtus_montanus,LC,Rodentia,2,30.8,81.62,,1,3160
Microtus_ochrogaster,LC,Rodentia,1,47.4,82.47,4,1,8990.59
Microtus_oeconomus,LC,Rodentia,2,33.7,100.66,,1,3985.97
Microtus_oregoni,LC,Rodentia,,,,2,1,551.7
Microtus_pennsylvanicus,LC,Rodentia,2,58.1,105.57,5,1,2537.98
Microtus_pinetorum,LC,Rodentia,2,24.5,55.93,5,1,1460
Microtus_richardsoni,LC,Rodentia,,65.7,128.11,2,1,620
Microtus_townsendii,LC,Rodentia,2,52.2,90.41,2,1,34348.94
Microtus_xanthognathus,LC,Rodentia,,68.5,98.64,3,1,1000
Miopithecus_talapoin,LC,Primates,3,,,3,1,42.07
Mirza_coquereli,EN,Primates,1,,,4,1,107.17
Mungos_mungo,LC,Carnivora,3,,,1,1,16.98
Mungotictis_decemlineata,EN,Carnivora,3,,,2,1,7.33
Muntiacus_reevesi,LC,Artiodactyla,,,,2,1,0.67
Mus_musculus,LC,Rodentia,,35.7,56.76,1,1,4981.53
Mus_spicilegus,LC,Rodentia,,,,1,1,874.99
Mustela_erminea,LC,Carnivora,2,,,1,1,6.25
Mustela_frenata,LC,Carnivora,2,204.38,206.4,1,1,0.76
Mustela_lutreola,CR,Carnivora,2,,,2,1,0.07
Mustela_nigripes,EN,Carnivora,1,,,1,1,2
Mustela_nivalis,LC,Carnivora,2,76.46,204.6,1,1,12.89
Mustela_putorius,LC,Carnivora,1,1030,847.8,1,1,0.83
Myocastor_coypus,LC,Rodentia,2,,,6,1,226.26
Myodes_californicus,LC,Rodentia,,18.3,61.12,,1,434.02
Myodes_gapperi,LC,Rodentia,1,22.65,54.72,6,1,1186.41
Myodes_glareolus,LC,Rodentia,,21.9,57.2,5,1,3704.05
Myoprocta_acouchy,LC,Rodentia,3,914,502.7,2,1,7.61
Myrmecobius_fasciatus,EN,Dasyuromorphia,2,440,164.8,1,1,5.3
Myrmecophaga_tridactyla,VU,Pilosa,2,30600,2601,1,1,1.1
Nandinia_binotata,LC,Carnivora,1,3121.25,809.25,2,1,4.99
Napaeozapus_insignis,LC,Rodentia,1,22,39.6,5,1,667.18
Nasalis_larvatus,EN,Primates,3,,,4,1,8.99
Nasua_narica,LC,Carnivora,2,4460,2305.8,6,1,6.07
Nasua_nasua,LC,Carnivora,3,3780,1054.97,6,1,15.42
Nectomys_squamipes,LC,Rodentia,1,,,7,1,212.58
Neofiber_alleni,LC,Rodentia,1,258.1,216.8,3,1,14515.71
Neomys_fodiens,LC,Soricomorpha,2,14.1,66.83,3,1,320
Neotoma_albigula,LC,Rodentia,1,183,134.5,2,1,610.11
Neotoma_floridana,LC,Rodentia,1,,,3,1,273.98
Neotoma_fuscipes,LC,Rodentia,,186.85,148.54,,1,1700
Neotoma_lepida,LC,Rodentia,1,119.2,90.69,1,1,674.58
Neotoma_micropus,LC,Rodentia,2,,,5,1,2520.91
Neotomodon_alstoni,LC,Rodentia,1,,,,1,3379.42
Neurotrichus_gibbsii,LC,Soricomorpha,2,,,4,1,1413.5
Nomascus_concolor,CR,Primates,3,,,5,1,6.17
Nyctereutes_procyonoides,LC,Carnivora,1,4215,1739.4,6,1,12.02
Ochotona_collaris,LC,Lagomorpha,3,,,2,1,733.17
Ochotona_curzoniae,LC,Lagomorpha,2,,,1,1,19000
Ochotona_hyperborea,LC,Lagomorpha,,,,,1,3376.38
Ochotona_princeps,LC,Lagomorpha,3,109,166.77,2,1,774.59
Ochrotomys_nuttalli,LC,Rodentia,2,19.5,27.1,3,1,302.33
Odocoileus_hemionus,LC,Artiodactyla,,,,2,1,16
Odocoileus_virginianus,LC,Artiodactyla,2,,,4,1,17.32
Okapia_johnstoni,EN,Artiodactyla,3,,,1,1,1.02
Oligoryzomys_longicaudatus,LC,Rodentia,,28.2,51.01,4,1,361.16
Onychogalea_fraenata,VU,Diprotodontia,,,,1,1,20
Onychomys_torridus,LC,Rodentia,1,19.1,29.6,1,1,158.55
Oryctolagus_cuniculus,NT,Lagomorpha,2,,,2,1,357.9
Oryzomys_palustris,LC,Rodentia,1,,,5,1,534.88
Otocyon_megalotis,LC,Carnivora,2,,,1,1,1.18
Otolemur_crassicaudatus,LC,Primates,1,977,457.15,5,1,87.99
Otolemur_garnettii,LC,Primates,,,,3,1,38
Otomys_irroratus,LC,Rodentia,2,102,84.86,2,1,3004.04
Ovis_ammon,NT,Artiodactyla,,,,2,1,0.02
Ovis_canadensis,LC,Artiodactyla,2,65000,22100,2,2,1.48
Pan_paniscus,EN,Primates,3,,,6,3,2
Pan_troglodytes,EN,Primates,3,34150,9000,6,2,1.63
Panthera_leo,VU,Carnivora,1,155800,27420.6,1,4,0.11
Panthera_onca,NT,Carnivora,2,86200,15861,1,4,0.05
Panthera_pardus,VU,Carnivora,2,,,1,2,0.07
Panthera_tigris,EN,Carnivora,1,161000,28497,1,4,0.03
Papio_anubis,LC,Primates,3,,,,1,10.8
Papio_cynocephalus,LC,Primates,3,,,2,2,5.86
Papio_hamadryas,LC,Primates,3,,,2,2,2.1
Papio_ursinus,LC,Primates,3,,,2,1,2.77
Parascalops_breweri,LC,Soricomorpha,2,,,3,1,900
Paraxerus_cepapi,LC,Rodentia,,223.6,145.34,5,1,353
Paraxerus_palliatus,LC,Rodentia,3,286.3,217.69,5,1,389.55
Pecari_tajacu,LC,Artiodactyla,2,,,5,1,7.92
Perameles_bougainville,VU,Peramelemorphia,2,,,3,1,34
Perameles_gunnii,VU,Peramelemorphia,2,,,7,1,351.56
Perodicticus_potto,LC,Primates,1,964,347.82,4,1,8.47
Perognathus_flavus,LC,Rodentia,1,8.3,17.3,3,1,150
Perognathus_inornatus,LC,Rodentia,1,,,2,1,499.99
Perognathus_longimembris,LC,Rodentia,1,8.2,12.58,1,1,174
Perognathus_merriami,LC,Rodentia,1,,,3,1,170
Perognathus_parvus,LC,Rodentia,2,,,3,1,2738.17
Peromyscus_attwateri,LC,Rodentia,1,,,5,1,296.52
Peromyscus_boylii,LC,Rodentia,1,23.2,54.28,,1,521.08
Peromyscus_californicus,LC,Rodentia,1,47.8,49.71,6,1,3706.83
Peromyscus_crinitus,LC,Rodentia,1,19.75,28.02,4,1,1198.07
Peromyscus_eremicus,LC,Rodentia,1,21.5,29.61,6,1,431.41
Peromyscus_gossypinus,LC,Rodentia,1,21.5,36.98,1,1,513.28
Peromyscus_keeni,LC,Rodentia,1,28.3,46.69,,1,1021.13
Peromyscus_leucopus,LC,Rodentia,1,21.4,33.91,6,1,1444.64
Peromyscus_maniculatus,LC,Rodentia,1,19.2,36.46,4,1,661.87
Peromyscus_melanotis,LC,Rodentia,1,,,,1,2045.14
Peromyscus_polionotus,LC,Rodentia,1,12,21.48,,1,889
Peromyscus_truei,LC,Rodentia,1,33,44.05,2,1,1419.62
Petauroides_volans,VU,Diprotodontia,1,1070,493.5,2,1,69
Petaurus_australis,NT,Diprotodontia,1,,,3,1,14
Petaurus_breviceps,LC,Diprotodontia,1,129,91.08,5,1,432.14
Petaurus_norfolcensis,LC,Diprotodontia,1,,,3,1,122
Petrodromus_tetradactylus,LC,Macroscelidea,2,208,153.92,6,1,186.01
Petrogale_assimilis,LC,Diprotodontia,,,,,1,76.64
Phacochoerus_aethiopicus,LC,Artiodactyla,3,,,4,1,7.61
Phaner_furcifer,VU,Primates,2,,,3,1,500.24
Phascolarctos_cinereus,VU,Diprotodontia,1,4732.5,1034.1,2,1,163.01
Philander_opossum,LC,Didelphimorphia,1,751,337.95,5,1,58.77
Piliocolobus_badius,EN,Primates,2,,,3,1,130.65
Piliocolobus_rufomitratus,EN,Primates,3,,,3,1,186.44
Piliocolobus_tephrosceles,EN,Primates,,,,,1,300
Pithecia_pithecia,LC,Primates,3,,,2,1,4.19
Pongo_pygmaeus,CR,Primates,3,,,5,1,2
Potamochoerus_larvatus,LC,Artiodactyla,1,,,7,1,0.4
Potorous_longipes,VU,Diprotodontia,1,,,3,1,40
Potos_flavus,LC,Carnivora,1,2157.5,731.33,4,1,34.21
Praomys_tullbergi,LC,Rodentia,1,,,,1,1739.53
Presbytis_comata,EN,Primates,3,,,3,1,25.68
Presbytis_hosei,VU,Primates,3,,,,1,4.42
Presbytis_melalophos,EN,Primates,3,,,1,1,59.34
Presbytis_potenziani,EN,Primates,3,,,,1,14.8
Presbytis_rubicunda,LC,Primates,3,,,1,1,19.27
Presbytis_thomasi,VU,Primates,3,,,,1,27
Priodontes_maximus,VU,Cingulata,1,45190,3027.73,2,1,0.35
Procavia_capensis,LC,Hyracoidea,3,2325,780,5,1,2734.51
Procolobus_verus,NT,Primates,3,,,1,1,18.6
Procyon_lotor,LC,Carnivora,2,5496.86,2096.43,6,1,3.29
Proechimys_guairae,LC,Rodentia,1,,,2,1,389.74
Proechimys_guyannensis,LC,Rodentia,1,,,3,1,938.91
Proechimys_longicaudatus,LC,Rodentia,,,,3,1,261.53
Proechimys_semispinosus,LC,Rodentia,1,498,313.74,4,1,754.53
Proechimys_simonsi,LC,Rodentia,1,,,4,1,305.11
Propithecus_diadema,CR,Primates,3,,,3,1,5.65
Propithecus_tattersalli,CR,Primates,3,,,4,1,65
Propithecus_verreauxi,EN,Primates,3,3350,670,3,1,150
Proteles_cristata,LC,Carnivora,1,8025,2038.47,1,1,0.81
Pseudocheirus_peregrinus,LC,Diprotodontia,,916,434.65,2,1,654.82
Pseudomys_higginsi,LC,Rodentia,1,,,3,1,520
Puma_concolor,LC,Carnivora,2,51800,13300.8,1,5,0.02
Rangifer_tarandus,VU,Artiodactyla,,,,3,8,2.55
Raphicerus_campestris,LC,Artiodactyla,3,9600,3696,5,1,1.27
Rattus_everetti,LC,Rodentia,2,,,5,1,153.38
Rattus_exulans,LC,Rodentia,,,,4,1,7154.76
Rattus_rattus,LC,Rodentia,,,,5,1,2640.54
Redunca_fulvorufula,LC,Artiodactyla,2,,,1,1,7.77
Reithrodontomys_fulvescens,LC,Rodentia,1,,,3,1,639.1
Reithrodontomys_humulis,LC,Rodentia,1,,,3,1,326.97
Reithrodontomys_megalotis,LC,Rodentia,1,9,22.5,,1,1152.39
Reithrodontomys_montanus,LC,Rodentia,1,,,3,1,300.58
Rhinoceros_unicornis,VU,Perissodactyla,2,,,3,1,3.33
Rhinopithecus_bieti,EN,Primates,3,,,5,2,2.5
Rhinopithecus_brelichi,EN,Primates,3,,,2,1,16.92
Rhinopithecus_roxellana,EN,Primates,3,,,2,2,4.6
Rhynchocyon_chrysopygus,EN,Macroscelidea,3,,,1,1,120.9
Rucervus_duvaucelii,VU,Artiodactyla,2,,,2,2,11.24
Saccostomus_mearnsi,LC,Rodentia,,,,3,1,3611.61
Saguinus_fuscicollis,LC,Primates,3,,,5,1,19.49
Saguinus_geoffroyi,LC,Primates,3,225,234,4,1,5.13
Saguinus_imperator,LC,Primates,3,,,2,1,18.39
Saguinus_labiatus,LC,Primates,3,,,,1,14.08
Saguinus_midas,LC,Primates,3,,,4,1,10.98
Saguinus_mystax,LC,Primates,3,,,5,1,30.98
Saguinus_nigricollis,LC,Primates,3,,,,1,13.33
Saguinus_oedipus,CR,Primates,3,,,4,1,45.52
Saimiri_oerstedii,VU,Primates,3,,,2,1,128.8
Saimiri_sciureus,LC,Primates,3,850,738.81,3,1,36.09
Scalopus_aquaticus,LC,Soricomorpha,2,,,4,1,950
Scapanus_orarius,LC,Soricomorpha,2,61.2,64.07,3,1,4999.99
Sciurus_aberti,LC,Rodentia,3,624,430.56,6,1,114
Sciurus_aureogaster,LC,Rodentia,3,,,3,1,221.14
Sciurus_carolinensis,LC,Rodentia,3,440,391,7,1,690
Sciurus_deppei,LC,Rodentia,3,,,3,1,94.11
Sciurus_granatensis,LC,Rodentia,3,,,6,1,77.94
Sciurus_griseus,LC,Rodentia,3,,,4,1,239.99
Sciurus_niger,LC,Rodentia,,,,,1,6.32
Sciurus_vulgaris,LC,Rodentia,3,,,5,1,59.7
Semnopithecus_entellus,LC,Primates,3,,,2,1,17.28
Sigmodon_hispidus,LC,Rodentia,2,110.05,159.64,5,1,1750
Simias_concolor,CR,Primates,3,,,3,1,10.9
Sminthopsis_leucopus,LC,Dasyuromorphia,2,,,,1,617.99
Sorex_araneus,LC,Soricomorpha,2,8.05,60.23,5,1,1859.01
Sorex_arcticus,LC,Soricomorpha,2,,,1,1,502.74
Sorex_caecutiens,LC,Soricomorpha,,,,3,1,1643.9
Sorex_cinereus,LC,Soricomorpha,2,5,44.6,2,1,1111.97
Sorex_coronatus,LC,Soricomorpha,2,9,51.3,1,1,1345.01
Sorex_minutus,LC,Soricomorpha,2,4.2,32.84,5,1,849.99
Sorex_monticolus,LC,Soricomorpha,,,,2,1,1200
Sorex_unguiculatus,LC,Soricomorpha,2,,,1,1,3093.28
Sorex_vagrans,LC,Soricomorpha,2,,,3,1,1759.54
Spalacopus_cyanus,LC,Rodentia,2,106.25,185.12,2,1,4500
Spilogale_putorius,VU,Carnivora,1,550,261,6,1,4.7
Sus_scrofa,LC,Artiodactyla,2,,,5,1,3.54
Sylvilagus_aquaticus,LC,Lagomorpha,,,,2,1,82.44
Sylvilagus_audubonii,LC,Lagomorpha,,672.4,437.73,2,1,290
Sylvilagus_bachmani,LC,Lagomorpha,1,,,3,1,568
Sylvilagus_floridanus,LC,Lagomorpha,2,,,2,1,680.83
Symphalangus_syndactylus,EN,Primates,3,,,4,1,4.99
Synaptomys_cooperi,LC,Rodentia,,,,4,1,1144.96
Syncerus_caffer,LC,Artiodactyla,2,,,1,4,5.84
Tachyoryctes_splendens,LC,Rodentia,,196.5,154.22,,1,3385.42
Talpa_europaea,LC,Soricomorpha,2,,,1,1,925.63
Talpa_romana,LC,Soricomorpha,2,,,1,1,1157.05
Tamandua_mexicana,LC,Pilosa,2,4210,910,1,1,4.84
Tamandua_tetradactyla,LC,Pilosa,2,3500,897.75,1,1,5.31
Tamiasciurus_douglasii,LC,Rodentia,3,,,5,1,44.28
Tamiasciurus_hudsonicus,LC,Rodentia,3,209.15,233.67,5,1,174.35
Tapirus_bairdii,EN,Perissodactyla,2,,,4,1,0.34
Tapirus_indicus,EN,Perissodactyla,1,,,3,1,0.11
Tapirus_pinchaque,EN,Perissodactyla,2,,,4,1,0.27
Tarsipes_rostratus,LC,Diprotodontia,2,10,29,1,1,29699.99
Tarsius_bancanus,VU,Primates,1,,,3,1,62.24
Tarsius_dentatus,VU,Primates,,,,,1,129
Tarsius_tarsier,VU,Primates,1,173,149,3,1,200
Taterillus_pygargus,LC,Rodentia,,,,1,1,3000
Taxidea_taxus,LC,Carnivora,1,6525,1998,1,1,1.94
Tayassu_pecari,VU,Artiodactyla,2,,,6,3,1.59
Theropithecus_gelada,LC,Primates,3,,,2,1,51.42
Thomomys_bottae,LC,Rodentia,2,143,120.12,4,1,5250
Thomomys_mazama,LC,Rodentia,,,,3,1,3578.84
Thomomys_monticola,LC,Rodentia,,,,3,1,2814
Thylamys_elegans,LC,Didelphimorphia,2,,,3,1,703.01
Thylamys_velutinus,NT,Didelphimorphia,1,,,2,1,54.99
Thylogale_stigmatica,LC,Diprotodontia,1,,,3,1,313.68
Thylogale_thetis,LC,Diprotodontia,1,4400,1399.2,,1,359.99
Trachypithecus_auratus,VU,Primates,3,,,,1,41.99
Trachypithecus_cristatus,NT,Primates,3,,,,1,36.63
Trachypithecus_geei,EN,Primates,3,,,,1,2.6
Trachypithecus_johnii,VU,Primates,3,,,1,1,71
Trachypithecus_obscurus,NT,Primates,3,,,1,1,57
Trachypithecus_phayrei,EN,Primates,3,,,,1,0.6
Trachypithecus_pileatus,VU,Primates,3,,,,1,81.49
Trachypithecus_vetulus,EN,Primates,3,,,2,1,144.65
Tragelaphus_angasii,LC,Artiodactyla,2,,,4,1,126.94
Tragelaphus_scriptus,LC,Artiodactyla,2,,,4,1,1.52
Tragelaphus_strepsiceros,LC,Artiodactyla,3,,,2,7,1.06
Trichosurus_caninus,LC,Diprotodontia,1,,,1,1,100
Trichosurus_vulpecula,LC,Diprotodontia,1,1982,624.33,1,1,124
Trinomys_iheringi,LC,Rodentia,,,,,1,362.78
Tupaia_glis,LC,Scandentia,3,123,93.48,4,1,406.3
Tursiops_truncatus,LC,Cetacea,,,,2,4,0.2
Urocyon_cinereoargenteus,LC,Carnivora,2,,,6,1,2.41
Urocyon_littoralis,NT,Carnivora,2,,,6,1,7
Urotrichus_talpoides,LC,Soricomorpha,2,,,2,1,4999.99
Ursus_americanus,LC,Carnivora,3,110500,24365.4,1,3,0.72
Ursus_arctos,LC,Carnivora,2,162428.57,20790.6,6,6,0.02
Ursus_maritimus,VU,Carnivora,3,365000,44346,3,8,0.007048404
Varecia_variegata,CR,Primates,2,,,4,1,27.83
Vicugna_vicugna,LC,Artiodactyla,,,,1,1,3.1
Vombatus_ursinus,LC,Diprotodontia,1,,,3,1,25.92
Vulpes_cana,LC,Carnivora,1,,,6,1,1.25
Vulpes_lagopus,LC,Carnivora,2,3200,1627.2,1,2,0.1
Vulpes_macrotis,LC,Carnivora,,,,,1,0.19
Vulpes_velox,LC,Carnivora,1,2088,1114.2,1,1,0.41
Vulpes_vulpes,LC,Carnivora,1,4100,2152.8,1,1,1.1
Wallabia_bicolor,LC,Diprotodontia,1,,,2,1,32
Xerus_rutilus,LC,Rodentia,3,,,4,1,798.09
Zapus_hudsonius,LC,Rodentia,,30,45,3,1,882
Zapus_princeps,LC,Rodentia,,,,3,1,292.3
Zyzomys_argurus,LC,Rodentia,,,,,1,535.51
